{"appName":"English Learning app","appIconPath":"file_0000000012e4720b81af7311ca566fc6.png","splashPath":"file_0000000012e4720b81af7311ca566fc6.png","packageName":"com. Eng. Learning.app","versionName":"1.0.0","versionCode":1,"isFullscreen":true,"isHideTitleBar":true,"titleBarBackgroundColor":"#3F51B5","isAllowLongClick":false,"isShowLoadingUI":false,"isAllowZoom":true,"isPCMode":false,"isAllowAutoplay":false,"homePage":"index.html","withPHPEnv":true,"PHPPort":57249,"isAllowSwipeRefresh":false,"isAllowCamera":false,"isAllowMicrophone":false,"screenRotationMethod":1}